# 숙제

- 01/10
    
    1. 1.테이블
        
    2. 2.row ,column
        
    3. 3.select
        
    4. 4.DML : data Manipulation Language
        
    5. 5.DDL : Data definition Language
        
    6. 6.DCL : Data Control Language
        
    7. 7.sql
        
    8. 8.sql plus
        
    9. 1. null 값이 있으면 안되는 숫자 4자리
    10. 2. 가변 10바이트 문자열
    11. 3 가변 9바이트 문자열
        
    12. 4.숫자 4자리
        
    13. 5.YYYY-MM-DD 같은 날짜형
        
    14. 숫자 7자리 소숫점 2자리까지만 반올림하여 표기
        
    15. 숫자 7자리 소숫점 2자리까지만 반올림하여 표기
        
    16. 숫자 2자리
        
        1. 2[select](http://2.select) * from emp;
        
        3 .select ename,sal,hiredate from emp;
        
        1. select deptno “부서번호”, dname “부서명” from dept;
            
        2. select distinct job from emp;
            
- 01/11
    
    1.명령어 버퍼의 내용을 나타내기 위한 SQL*Plus 명령어는 무엇일까요? ed
    
    2.list와 / 를 합하여 놓은 명령어로 명령어의 내용을 출력한 후 실행하는 명령어는 무엇일까요? R
    
    1. 다음 빈칸을 채우시오.
        
    2. 사용자가 현재 실행한 쿼리문을 확장자가 .sql인 SQL 파일에 저장하도록 하는 명령어는( save ) 이고 이렇게 SQL파일을 실행시킬 때 사용하는 기호는 ( @ ) 입니다.
        
    3. 현재 실행중인 쿼리문은 물론 실행결과까지 모두 갈무리하여 저장하는 명령어는 무엇일까요? spool
        
    
    
    1.급여가 1500이하인 사원의 사원번호, 사원이름, 급여를 출력하는 SQL문을 작성해보시오
    
    select empno,ename,sal
    
    from emp
    
    where sal ≤1500;
    
    1. 사원이름이 scott인 사원의 사원 번호 사원 이름 급여를 출력하는 Sql문을 작성하세요
    
    select empno,ename,sal
    
    from emp
    
    where ename = 'SCOTT';
    
    1. 사원 번호가 7521 이거나 7654이거나 7844인 사원들의 사원 번호와 급여를 검색하는 쿼리문을 비교 연산자와 or 논리 연산자 사용하여 작성하시오
    
    select empno,sal
    
    from emp
    
    where empno = 7521 or empno = 7654 or empno = 7844;
    
    #4. 7521 이거나 7654 이거나 7844인 사원들을 검색하는 쿼리문을 비교 연산자와 논리 연산자 OR로 작성할 수 있지만 , 이번에는 in연산자를 사용하여 작성해보시오
    
    select empno,sal
    
    from emp
    
    where empno in(7521,7654,7844);
    
    #5-1 비교 연산자와 논리 연산자 and를 사용하여 작성하기
    
    select *
    
    from emp
    
    where empno != 7521 and empno != 7654 and empno != 7844;
    
    #5-2 not in 연산자를 사용하여 작성하기
    
    select *
    
    from emp
    
    where empno not in (7521,7654,7844);
    
    #6 사원들 중에서 이름이 j로 시작하는 사람만을 찾는 쿼리문을 작성해 보시오
    
    select *
    
    from emp
    
    where ename like ‘j%’;
    
    #7 와일드 카드를 사용하여 다음 조건에 만족하는 쿼리문을 작성하시오.
    
    #7-1 사원들 중에서 이름이 k로 시작하는 사원의 사원번호와 사워이름을 출력하시오.
    
    select empno, ename
    
    from emp
    
    where ename like ‘K%’;
    
    #7-2 이름중에 k를 포함하는 사원의 사원번호와 사원이름을 출력하시오.
    
    select empno, ename
    
    from emp
    
    where ename like ‘%K%’;
    
    #7-3 이름이 k로 끝나는 사원의 사원 번호와 사원 이름을 출력하시오.
    
    select empno, ename
    
    from emp
    
    where ename like ‘%K’;
    
    #8 상관이 없는 사원 (CEO가 되겠지요!)을 검색하기 위한 sql 문을 작성해보시오
    
    select *
    
    from emp
    
    where mgr is null;
    
    #9 emp 테이블의 자료를 입사일을 오름차순으로 정렬하고 사원번호, 사원명,직급,입사일 칼럼을 출력하는 쿼리문을 작성하시오
    
    select empno,ename,job,hiredate
    
    from emp
    
    order by hiredate;
    
    #10 emp 테이블의 자료를 사원번호를 내림차순으로 정렬하고 사원번호, 사원명, 출력하는 쿼리문을 작성하시오
    
    select empno,ename
    
    from emp
    
    order by empno desc;
    
    11.부서 번호가 빠른 사원부터 출력하되
    
    같은 부서내의 사원을 출력할 경우 최근에 입사한 사원부터 출력하도록 하세요
    
    select empno,hiredate,ename,sal
    
    from emp
    
    order by deptno , hiredate desc;
    
    #1사번이 홀수인 사람들을 검색하기
    
    select *
    
    from emp
    
    where 1 = mod(empno,2);
    
    #2 다음과 같이 쿼리문을 구성하면 과연 직급이 ‘manager’인 사원 검색하기
    
    select empno, ename, job
    
    from emp
    
    where lower (job) = 'manager';
    
    #3 87년도에 입사한 직원을 알아내기 위해 substr 함수를 이용하여 hiredate 컬럼에서 첫 글자부터2개를 추출하여 그 값이 87인지를 체하는 방법으로도 구해 보세요.
    
    select *
    
    from emp
    
    where substr(hiredate,0,2) = 87;
    
    #4 다음은 이름이 e로 끝나는 사원을 검색해 보도록 합시다. substr 함수를 이용하여 ename 컬럼의 마지막 문자 한개만 추출해서 이름이 e로 끝나는 사원을 검색해 보도록 하시오
    
    select *
    
    from emp
    
    where substr(ename,-1,1) = 'E';
    
- 01/12
    
    #5 이름의 세번째 자리가 R인 사원을 검색하기 위해서 와일드 카드 _와 LIKE연산자를 사용하여 다음과 같이 표현할수 있습니다.
    
    select empno,ename from emp
    
    where ename like ‘__R%’;
    
    위 커리문을 지금 배운 INSTR함수와 SUB 함수를 사용하여 작성해보시오
    
    instr 방법
    
    elect empno,ename from emp
    
    ```
    where substr(ename,3,1)= 'R';
    ```
    
    substr 방법
    
    select empno,ename from emp where instr(ename,'R',3,1) =3;
    
    #6 각 사원들의 현재까지의 근무 일수를 구해봅시다.
    
    select ename, floor(sysdate-hiredate)||'일' "근무일수" 2 from emp;
    
    #7 모든 사원은 자신의 상관이 있는데 emp 테이블에 유일하게 상관이 없는 로우가 있는데 그 사원의 mgr 칼럼 값이 null 이다 상관이 없는 사원만 출력하되 mgr 칼럼 값 null 대신 ceo로 출력해 봅시다.
    
    select empno,ename,nvl(to_char(mgr),' C E O ') "MANAGER" 2 from emp 3 where mgr is null;
    
    #8 직급에 따라 급여를 인상하도록 하자 . 직급이 ANALYST인 사원은 5% SALESMAN인 사원은 10% MANAGER인 사원은 15%, clerk 인 사원은 20% 인상한다.
    
    select empno,ename,job,sal,sal+sal*decode(job,'ANALYST',0.05,'SALESMAN',0.10,'MANAGER',0.15,'CLERK',0.20,0) "UPSAL" from emp;
    
    #9 급여가 1000미만이면 8% 1000~2000 5% 2001~3000 3% 이외 1% 인상
    
    select ename,deptno,sal ,sal+sal *case when sal < 1000 then 0.08 when sal <= 2000 then 0.05 when sal <= 3000 then 0.03 else 0.01 end "UPSAL" from emp;
    
    #1 가장 최근에 입사한 사원의 입사일과 입사한지 가장오래된 사원의 입사일을 출력하는 쿼리문을 작성하시오
    
    select max(hiredate) "입사일", min(hiredate) "입사일" from emp;
    
    #2 10번 부서 소속 사원중에서 커미션을 받는 사원의 수를 구해보시오
    
    select count(comm) 사원수 from emp where deptno =10;
    
    #3 특정 칼럼을 기준으로 테이블에 존재하는 행등을 그룹별로 구분하기 위해 서는 (group by) 사용합니다
    
    #4 group by 절에 특정 조건을 기술하기 위한 (having) 절을 사용합니다
    
- 01/15
    
    #1 뉴욕에서 근무하는 사원의 이름과 급여를 출력하시오
    
    select e.ename,e.sal from emp e, dept d
    
    where e.deptno = d.deptno and d.loc = 'NEW YORK';
    
    이너조이
    
    select e.ename,e.sal from emp inner join dept d
    
    on e.deptno = d.deptno
    
    where d.loc = 'NEW YORK';
    
    #2 accounting 부서 소속 사원의 이름과 입사일을 출력하시오.
    
    select e.ename,e.hiredate from emp e, dept d where e.deptno = d.deptno and d.dname ='ACCOUNTING';
    
    이너 조이
    
    select e.ename,e.hiredate from emp e inner join dept d
    
    using(deptno)
    
    where d.dname ='ACCOUNTING';
    
    #3직급이 manager인 사원의 이름, 부서명을 출력하시오.
    
    select e.ename,d.dname from emp e,dept d where e.deptno = d.deptno and job ='MANAGER';
    
    이너조이
    
    select e.ename,d.dname from emp e inner join dept d using(deptno) where job ='MANAGER';
    
    #4 매니저가 king인 사원들의 이름과 직급을 출력하시오.
    
    select e.ename , e.job from emp e, emp m where e.mgr = m.empno and m.ename = 'KING';
    
    ansi
    
    select e.ename , e.job from emp e inner join emp m on e.mgr = m.empno where m.ename = 'KING';
    
    #5 SCOTT과 동일한 근무지에서 근무하는 사원의 이름을 출력하시오
    
    select e.ename, f.ename from emp e, emp f where e.deptno = f.deptno and e.ename='SCOTT'
    
    and f.ename<>'SCOTT';
    
    ansi
    
    select e.ename, f.ename from emp e inner join emp f using(deptno) where e.ename='SCOTT' and f.ename<>'SCOTT';
    
    #6 사원 테이블과 부서 테이블을 조인하여 사원 이름과 부서번호와 부서명을 출력하도록 합시다. 부서 테이블의 40번 부서와 조인 할 사원 테이블의 부서번호가 없지만 , 아래 그림과 같이 40번 부서의 부서 이름도 출력되도록 쿼리문을 작성해 보시오
    
    select e.ename, d.deptno, d.dname from emp e, dept d where e.deptno(+) = d.deptno;
    
    ansi
    
    select e.ename,deptno, d.dname from emp e right outer join dept d using(deptno);
    
    #7 사원별 매니저 구하기를 right,left,full outer join을 이용해서 구해보세요
    
    select e.ename,m.ename from emp e left outer join emp m on e.mgr = m.empno;
    
    select e.ename,m.ename from emp e right outer join emp m on e.mgr = m.empno;
    
    select e.ename,m.ename from emp e full outer join emp m on e.mgr = m.empno;
    
    #8사원테이블에 대한 급여 등급을 조회하는 문을 asni join 문으로 바꾸어 보세요
    
    select e.ename, s.grade from emp e inner join salgrade s on sal between s.losal and s.hisal;
    
- 01/16
    
    #1 SCOTT과 같은 부서에서 근무하는 사원의 이름과 부서 번호를 출력하는 SQL 문을 작성해 보시오
    
    select ename, deptno from emp where deptno = ( select deptno from emp where ename= 'SCOTT');
    
    #2 SCOTT와 동일한 업무(JOB)을 가진 사원을 출력하는 SQL 문을 작성해 보시오.
    
    select * from emp where job = (select job from emp where ename = 'SCOTT');
    
    #3 SCOTT의 급여가 동일하거나 더 많이 받는 사원 명과 급여를 출력하시오.
    
    select ename, sal from emp where sal >= (select sal
    
    ```
                      from emp 
    
                where ename=’SCOTT’);
    ```
    
    #4 DALLAS에서 근무하는 사원 이름, 부서 번호를 출력하세요.
    
    select ename, deptno from emp where deptno = (select deptno from dept where loc = 'DALLAS' );
    
    #5.SALES(영업부) 부서에서 근무하는 모든 사언의 이름과 급여를 출력하시오.
    
    select ename, sal from emp where deptno = ( select deptno from dept where dname = 'SALES');
    
    #6 직속상관이 KING인 사원의 이름과 급열르 출력하시오.
    
    select ename, sal from emp where mgr = (select empno from emp where ename ='KING');
    
    #7 직급(JOB)이 MANAGER인 사람이 속한 부서 번호와 부서명과 지역을 출력하시오.
    
    select deptno,dname,loc from dept where deptno in(select distinct deptno from emp where job = 'MANAGER');
    
    #8 영업 사원들 보다 급여를 많이 받는 사원들의 이름과 급여와 직급(담당 업무)을 출력 합니다.
    
    select ename,sal,job from emp where sal > all(select sal from emp where job='SALESMAN');
    
    #9.영업 사원들의 최소 급여 보다 많이 받는 사원들의 이름과 급여와 직급(담당 업무)를 출력하되 영업 사원은 출력하지 않습니다.
    
    select ename,sal,job from emp where job <> 'SALESMAN' and sal > any(select sal from emp where job = 'SALESMAN');
    
    #10. SMITH와 동일한 직급을 가진 사원의 이름과 직급을 출력하라 select ename, job from emp where job = (select job from emp where ename='SMITH');
    
    #11.직급이 'SALESMAN'인 사원이 받는 급여들의 최대 급여보다 많이 받는 사원들의 이름과 급여를 출력하되 부서번호가 20번인 사원은제외 한다. select ename,sal,job from emp where deptno != 20 and sal > all(select sal from emp where job = 'SALESMAN');
    
    #12 직급이'SALESMAN'인 사원이 받는 급여들의 최소 급여보다 많이 받느 사원들의 이름과 급여를 출력하되 부서번호가 20번인 사원은 제외 한다. select ename,sal,job from emp where deptno != 20 and sal > any(select sal from emp where job = 'SALESMAN');
    
    #13 부서별로 가장 급여를 많이 받는 사원의 정보(사원번호, 사원이름,급여,부서번호)를 출력하시오 (in 연산자 이용)
    
    select empno,ename,sal,deptno from emp where(deptno, sal) in (select deptno,max(sal) from emp group by deptno) order by deptno;
    
    #1 다음과 같은 구조의 테이블을 CREATE TABLE 명령어로 생성하되 테이블의 이름은 DEPT01로 하시오)
    
    create table dept01( empno number(2), dname varchar2(14), loc varchar2(13));
    
    #2 EMP 테이블을 복사하되 사원번호, 사원이름, 급여 컬럼으로 구성된 테이블을 생성하시오(테이블의 이름은 EMP04로 하시오.
    
    )
    
    create table emp04 as select empno,ename,sal from emp;
    
    #3dept 테이블과 동일한 구조의 빈 테이블을 생성하시오
    
    create table dept02 as select * from dept where 1 = 0;
    
    #4 DEPT02 테이블에 문자 타입의 부서장(DMGR) 칼럼을 추가해 봅시다
    
    alter table dept02 add( dmgr varchar2(10));
    
    #5 DEPT02 테이블에 문자 타입을 변경 해봅시다
    
    alter table dept02 2 modify(dmgr number(4));
    
    #6 DEPT02 테이블에 문자 타입의 부서장(DMGR) 칼럼을 삭제해봅시다
    
    alter table dept02 drop column dmgr;
    
    #7dept02 테이블의 컬럼 loc를 loc2로 변경 해봅시다
    
    alter table dept02 rename column loc to loc2;
    
    #1.서브 쿼리문을 이용하여 다음과 같은 구조로 sam01 테이블을 생성하시오 존재할 경우 drop table로 삭제후 생성 create table sam01 as select empno,ename,job,sal from emp where 1=0;
    
    #2 sam01 테이블에 다음과 같은 데이터를 추가하시오.
    
    insert into sam01 values (1000,'APPLE','POLICE',10000);
    
    insert into sam01 values(1010,'BANANA','NURES',15000);
    
    insert into sam01 values(1020,'ORANGE','DOCTOR',25000);
    
    #3문제 1에서 생성한 sam01 테이블에 다음과 같이 NULL 값을 갖는 행을 추가하시오.
    
    #4 문제 1에서 생성한 SAM01 테이블에 서브 쿼리문을 사용하여 emp에 저장된 사원 중 10번 부서 소속 사원의 정보를 추가하시오
    
    insert into sam01 select empno,ename,job,sal from emp where deptno = 10;
    --
- 01/17
    
    #6 서브 쿼리문을 사용하여 emp 테이블의 특정 칼럼으로 구성된 sam02 테이블을 구성하시오
    
    create table sam02 as select ename,sal,hiredate,deptno from emp;
    
    #7 생성 후 DALLAS에 위치한 부서 소속 사원들의 급여를 1000 인사아시오.
    
    update sam02 set sal = sal+1000 where deptno = (select deptno from dept where loc = 'DALLAS');
    #1 트랜잭션 내용을 실제 DB에 저장하기 위해서는 (COMMIT) 문을 사용합니다
    
    #2 트랜젝션 내용을 취소하기 위해서는 (ROLLBACK)문을 사용하여 이전에 (COMMIT)한 부분까지 변경 전 데이터로 복구합니다.
#### 01/18

 1번 기본 테이블은 emp_copy로 하여 20번 부서에 소속된 사원들의 사번과 이름과 부서번호와 상관의
사번을 출력하기 위한 select문을 emp_view20이란 이름의 뷰로 정의해 봅시다

CREATE VIEW EMP_VIEW20
AS
SELECT EMPNO,ENAME,DEPTNO, MGR
FROM EMP_COPY
WHERE DEPTNO = 20;

2번 탄탄지 1번에서 작성한 뷰에 다음과 같은 결과를 얻을 수 있도록 컬럼 별칭을 추가하여 EMP_VIEW20를 변경해 봅시다.
CREATE OR REPLACE VIEW EMP_VIEW20
AS
SELECT EMPNO "EMP_NO",ENAME "EMP_NAME",DEPTNO "DETP_NO", MGR "MANAGER", SAL
FROM EMP_COPY
WHERE DEPTNO = 20;

3번 인라인 뷰를 사용하여 급여를 많이 받는 순서대로 3명만 출력하는 뷰
(SAL_TOP_VIEW)를 작성하시오

SELECT ROWNUM "RANKING", EMPNO,ENAME,SAL
FROM (SELECT EMPNO,ENAME,SAL
FROM EMP
ORDER BY SAL DESC)
WHERE ROWNUM <4;

4번 3번을 참고하여 2위와 3위만 출력하도록 해보세요

SELECT RANKING,EMPNO,ENAME,SAL
FROM ( SELECT  ROWNUM "RANKING",EMPNO,ENAME,SAL
	FROM (SELECT EMPNO,ENAME ,SAL 
		FROM EMP
		ORDER BY SAL DESC
		)
	WHERE ROWNUM <=3 AND ROWNUM >=2;
	)	
WHERE RANKING BETWEEN 2 AND 3;

2 시퀀스값 순환하기 (DEPT_SEQ)
10 > 20 > 30 > 40 > 10>

CREATE SEQUENCE DEPT_SEQ
START WITH 10
INCREMENT BY 10
MAXVALUE 40
MINVALUE 10
CYCLE
CACHE 2;


3 MAX(EMPNO)를 이용해서 사원번호 만들어 보세요

CREATE TABLE EMP_MAX(
	EMPNO NUMBER(2) PRIMARY KEY,
	ENAME VARCHAR2(12)
);

INSERT INTO EMP_MAX
VALUES ((SELECT NVL(MAX(EMPNO),0)+1 FROM EMP_MAX),'AAA');
#### 01/19
#1 (인덱스)는 조회의 성능을 향상시키는 객체이다.

#2 EMP01 테이블의 직급 컬럼을 인덱스로 설정하되 인덱스 이름을 IDX_EMP01_JOB
```
CREATE INDEX IDX_EMP01_JOB
ON EMP01(JOB);
```

#1 MBC 라는 사용자를 생성하되 암호는 PASS로 합니다 생성된 사용자에 기본적인 권한을 부여 하지 않으면 데이터 베이스에 로그인 불가능 하므로 CREATE SESSION 권한을 MBC 사용자에게 부여하시오
```
CREATE USER MBC IDENTIFIED BY PASS;
GRANT CREATE SESSION TO MBC;
```


#2 SCOTT 계정에서 만든 DEPT 테이블과 같은 구조의 테이블을 만들어 보세요.
```
GRANT CREATE TABLE TO MBC;

ALTER USER MBC
QUOTA 2M ON SYSTEM;
CREATE TABLE dept(
 ENAME VARCHAR2(14),
 LOC VARCHAR2(13),
 DEPTNO NUMBER(2));
```

#3 사용자에게 시스템 권한을 (WITH ADMIN OPTION)과 함께 부여하면 그 사용자는 데이터베이스 관리자가 아닌데도 불구하고 부여받은 시스템 권한을 다른 사용자에게 부여할 수  있는 권한도 함께 부여 받게 됩니다.

#4 사용자에게 객체 권한을  (WITH GRANT OPTION)과 함께 부여하면 그 사용자는 그 객체를 접근할 권한을 부여 받으면서 그 권한으 다른 사용자에게 부여할 수 있는 권한도 함께 부여받게 됩니다.

#5 테이블 스페이스에 대헤 설명하시오
테이블 스페이스는 디스크 공간을 소비하는 테이블과 뷰 그리고 그 밖의 다른 데이터 베이스 객체들이 저장되는 장소 입니다.

#6 데이터베이스 보안을 위한 권한은 시스템 권한과 (객체 권한 )으로 나뉩니다.

#7 다음 문장의 참 거짓을 판별하기

사용자가 사용할 테이블 스페이스의 영역을 할당하기 위해서는 QUOTA절을 사용해야 합니다. (o)

#8 데이터에 접속할 수 있는 권한은 1번 CREATE SESSION

#9 사용자에게 시스템 권한을 부여하기 위한 명령어는 GRANT


#1 KBS라는 사용자를 생성 암호는 PASS하고 기본적인 권한 부여를 하지 않으면 데이터베이스에 로그인 불가능하므로 CONNECT과 RESOURCE 권한을 KBS 사용자에게 부여

```
CREATE USER KBS IDENTIFIED BY PASS;
GRANT CONNECT,RESOURCE TO KBS;

```


```
사용자롤 정의
CREATE ROLE 롤이름

```


``` 사용자 정의롤확인하기
SELECT ROLE, PRIVILEGE FROM ROLE_SYS_PRIVS
WEHRE ROLE= '사용자정의롤'
```



# 1번 2소유자인 SCOTT을 지정하지 않으면 USERB1 소유자가 SCOTT의 EMP 객체에 접근할수 없습니다
SCOTT 소유의 EMP 테이블을 EMP란 이름으로 동의어로 접근할 수 있도록 비공개 동의어를 지정하시오.
```

GRANT SELECT ON SCOTT.EMP TO USERB1;
CREATE SYSNONYM EMP FOR SCOTT.EMP;
```


# 2번 USERB1 과 USERB2에서 모두 사용할수 있는 공개 동의어로 선언해보시오
```

CREATE PUBLIC SYNONYM PubEMP for SCOTT.EMP
```


***** 아래의 조건에 맞는 쿼리문 작성하세요 *****

1. 사용자 계정 : TEST

   비밀번호    : 1234

   로 접속한 후 아래의 과정을 수행하세요.

  

create user TEST IDENTIFIED BY 1234;

GRANT CONNECT,RESOURCE TO TEST;

  

2. 테이블 작성하세요.

   - 테이블 이름 : GRADECARD

   - 컬럼

     의미(컬럼명) : 제약조건

     번호(NO)  : 기본키,

     이름(NAME): 반드시 입력 ,

     국어(KOR) : 반드시 입력 0~100의 값 ,

     영어(ENG) : 반드시 입력 0~100의 값 ,

     수학(MAT) : 반드시 입력 0~100의 값 ,

     총계(TOT) : 기본값 0

  

CREATE SEQUENCE GRADECARD_SEQ

INCREMENT BY 1

START WITH 1

MAXVALUE 30

  

  

CREATE TABLE GRADECARD (

NO NUMBER(2) PRIMARY KEY,

NAME VARCHAR (20) NOT NULL,

KOR NUMBER(3) NOT NULL CHECK (KOR BETWEEN 0 AND 100),

ENG NUMBER(3) NOT NULL CHECK (ENG BETWEEN 0 AND 100),

MAT NUMBER(3) NOT NULL CHECK (MAT BETWEEN 0 AND 100),

TOT NUMBER(3)  DEFAULT 0

);

  

  

# 3. 데이터는 10개를 입력합니다.

   단, NO는 1번 부터 1씩 증가합니다.(시퀀스 사용하세요[GRADECARD_SEQ])

  

CREATE SEQUENCE GRADECARD_SEQ

INCREMENT BY 1

START WITH 1

MAXVALUE 30

  

INSERT INTO GRADECARD

VALUES(GRADECARD_SEQ.NEXTVAL,'자바',90,100,67,0);

INSERT INTO GRADECARD

VALUES(GRADECARD_SEQ.NEXTVAL,'오라클',96,94,89,0);

INSERT INTO GRADECARD

VALUES(GRADECARD_SEQ.NEXTVAL,'HTML5',67,79,56,0);

INSERT INTO GRADECARD

VALUES(GRADECARD_SEQ.NEXTVAL,'Jquery',87,88,72,0);

INSERT INTO GRADECARD

VALUES(GRADECARD_SEQ.NEXTVAL,'JSP',48,65,41,0);

INSERT INTO GRADECARD

VALUES(GRADECARD_SEQ.NEXTVAL,'JAVASCRIPT',65,97,51,0);

INSERT INTO GRADECARD

VALUES(GRADECARD_SEQ.NEXTVAL,'스프링',79,58,61,0);

INSERT INTO GRADECARD

VALUES(GRADECARD_SEQ.NEXTVAL,'CSS3',88,57,51,0);

INSERT INTO GRADECARD

VALUES(GRADECARD_SEQ.NEXTVAL,'마이바티스',60,99,65,0);

INSERT INTO GRADECARD

VALUES(GRADECARD_SEQ.NEXTVAL,'XML',95,67,45,0);

  

ALTER TABLE GRADECARD

ADD

  

  

        NO NAME                        KOR        ENG        MAT        TOT

---------- -------------------- ---------- ---------- ---------- ----------

         1 자바                         90        100         67          0

         2 오라클                        96         94         89          0

         3 HTML5                       67         79         56          0

         4 Jquery                      87         88         72          0

         5 JSP                         48         65         41          0

         6 JAVASCRIPT                  65         97         51          0

         7 스프링                        79         58         61          0

         8 CSS3                        88         57         51          0

         9 마이바티스                     60         99         65          0

        10 XML                         95         67         45          0

  

10 rows selected.                

  

  

# 4. 총계는 국어, 영어, 수학의 합을 구합니다.

UPDATE GRADECARD

SET TOT = KOR+ENG+MAT;

  

  

# 5. 아래의 출력결과 처럼 구합니다.

   등수는 1등부터 10등까지 구합니다.(인라인뷰이용)

   출력결과)

     번호 이름                                  국어       영어       수학       총계       등수

---------- ------------------------------ ---------- ---------- ---------- ---------- ----------

         2 오라클                                 96         94         89        279          1

         1 자바                                  90        100         67        257          2

         4 Jquery                               87         88         72        247          3

         9 마이바티스                              60         99         65        224          4

         6 JAVASCRIPT                           65         97         51        213          5

        10 XML                                  95         67         45        207          6

         3 HTML5                                67         79         56        202          7

         7 스프링                                 79         58         61        198          8

         8 CSS3                                 88         57         51        196          9

         5 JSP                                  48         65         41        154         10

  

  

  

SELECT NO"번호",NAME"이름",KOR"국어",ENG"영어",MAT"수학",TOT"총계",ROWNUM "등수"

FROM (SELECT NO,NAME,KOR,ENG,MAT,TOT

FROM GRADECARD

    ORDER BY TOT DESC)

;

  

  

# 6. 5등인 학생 출력해보세요.

  

      번호 이름                               국어        영어        수학        총계         등수

---------- ------------------------------ ---------- ---------- ---------- ---------- ----------

         6 JAVASCRIPT                       65         97         51        213          5  

  

SELECT 번호,이름,국어,영어,수학,총계,등수

FROM (SELECT NO"번호",NAME"이름",KOR"국어",ENG"영어",MAT"수학",TOT"총계",ROWNUM "등수"

FROM (SELECT NO,NAME,KOR,ENG,MAT,TOT

FROM GRADECARD

ORDER BY TOT DESC

)

WHERE ROWNUM <6

)

WHERE 등수 =5;

  

# 7. 4등에서 7등까지 출력해보세요

 번호 이름                                     국어        영어        수학        총계         등수

---------- ------------------------------ ---------- ---------- ---------- ---------- ----------

         9 마이바티스                           60         99         65        224          4

         6 JAVASCRIPT                        65         97         51        213          5

        10 XML                               95         67         45        207          6

         3 HTML5                             67         79         56        202          7        

  

  

SELECT 번호,이름,국어,영어,수학,총계,등수

FROM (SELECT NO"번호",NAME"이름",KOR"국어",ENG"영어",MAT"수학",TOT"총계",ROWNUM "등수"

FROM (SELECT NO,NAME,KOR,ENG,MAT,TOT

FROM GRADECARD

ORDER BY TOT DESC

)

WHERE ROWNUM <8

)

WHERE 등수 BETWEEN 4 AND 7;

  

  

  

# 8. 아래와 같은 데이터를 갖는 GRADE 테이블을 만듭니다.

  

SQL> SELECT * FROM GRADE;

  

  LOWSCORE    HISCORE GRADE

---------- ---------- ----

         0         59               F

        60         64           D0

        65         69         D+

        70         74         C0

        75         79          C+

        80         84      B0

        85         89 B+

        90         94 A0

        95        100 A+

  

CREATE TABLE GRADE

( LOWSCORE NUMBER(3),

HISCORE NUMBER(3),

GRADE VARCHAR2(2)

);

INSERT INTO GRADE

VALUES(0,59,'F');

  

INSERT INTO GRADE

VALUES(60,64,'D0');

  

INSERT INTO GRADE

VALUES(65,69,'D+');

  

INSERT INTO GRADE

VALUES(70,74,'C0');

  

INSERT INTO GRADE

VALUES(75,79,'C+');

  

INSERT INTO GRADE

VALUES(80,84,'B0');

  

INSERT INTO GRADE

VALUES(85,89,'B+');

  

INSERT INTO GRADE

VALUES(90,94,'A0');

  

INSERT INTO GRADE

VALUES(95,100,'A+');

  

  

# 9. 아래와 같이 출력되도록 SQL문 작성해 보세요

  

        NO NAME                                  KOR        ENG        MAT        TOT       평균 등급

---------- ------------------------------ ---------- ---------- ---------- ---------- ---------- ----

         5 JSP                                    48         65         41        154         51 F

         8 CSS3                                   88         57         51        196         65 D+

         7 스프링                                   79         58         61        198         66 D+

         3 HTML5                                  67         79         56        202         67 D+

        10 XML                                    95         67         45        207         69 D+

         6 JAVASCRIPT                             65         97         51        213         71 C0

         9 마이바티스                                60         99         65        224         75 C+

         4 Jquery                                 87         88         72        247         82 B0

         1 자바                                    90        100         67        257         86 B+

         2 오라클                                   96         94         89        279         93 A0

  

10 rows selected.

  

SELECT C.NO"번호",C.NAME"이름",C.KOR"국어",C.ENG"영어",C.MAT"수학",C.TOT"총계",round(C.TOT/3) "평균",G.GRADE

FROM GRADECARD C, GRADE G

WHERE round(C.TOT/3) BETWEEN G.LOWSCORE AND G.HISCORE

 ;

  

  

  

# 10.  GRADECARD 테이블의 컬럼을 추가해 봅시다.

    평균(AVG), 등급(GRADE)

ALTER TABLE GRADECARD

ADD (AVG NUMBER(3) ,GRADE VARCHAR2(3));

  

# 11. 컬럼에 평균과 등급을 구해 봅시다.(UPDATE)

    SQL> SELECT * FROM GRADECARD;

        NO NAME                                  KOR        ENG        MAT        TOT        AVG GRADE

---------- ------------------------------ ---------- ---------- ---------- ---------- ---------- ------

         1 자바                                   90        100         67        257         86 B+

         2 오라클                                  96         94         89        279         93 A0

         3 HTML5                                 67         79         56        202         67 D+

         4 Jquery                                87         88         72        247         82 B0

         5 JSP                                   48         65         41        154         51 F

         6 JAVASCRIPT                            65         97         51        213         71 C0

         7 스프링                                  79         58         61        198         66 D+

         8 CSS3                                  88         57         51        196         65 D+

         9 마이바티스                               60         99         65        224         75 C+

        10 XML                                   95         67         45        207         69 D+

UPDATE GRADECARD

SET AVG=TOT/3;

set GRADE = (SELECT G.GRADE

FROM GRADECARD C, GRADE G

 BETWEEN G.LOWSCORE AND G.HISCORE) ;

  


  

# 12. SCOTT계정에서도 TEST계정의 GRADECARD 테이블을 조회할 수 있도록 합니다.

  

GRANT SELECT ON GRADECARD TO SCOTT;

select * from TEST.GRADECARD;